uuid,id_b
bc29a287-04dd-4121-83e6-97bee8832aca,b_43
854f5227-c247-434b-90dc-a441e87be116,b_53
4a965aae-830d-46a1-93e3-017ecd9b1d68,b_32
3b017f54-29a1-44ed-b78d-c6fc15267a7c,b_39
4fc288b0-4494-4a2e-a535-5b86a9a93493,b_17
850b6431-8ce9-4313-8987-940f1cf8db9a,b_48
91f7868a-bd8f-46bf-b6d1-9ff690149285,b_18
85dc3a9f-db99-49b8-bb47-ef7521121051,b_8
eb44c64c-87e6-4a5b-ba14-ac666a661017,b_84
1fca1c73-b538-4d0d-b9ee-e426caf0a771,b_99
3d2c4d20-6ced-4ba4-80a9-84a5e0c8d420,b_49
11da1ea4-138b-4712-9a1d-b656f05dbf1f,b_57
9b68e3bb-0ada-457b-add2-80c2765d41df,b_24
79b1196a-f76c-4c7e-927d-db2db6b4ec8e,b_19
06903b5e-8d3e-4166-a629-2b5838443a39,b_91
7876af50-899a-4193-8048-6b0d0326f3aa,b_56
a49ae228-0644-4347-ad8b-859780167c03,b_55
a7158879-a29d-4d99-abd2-6ce9c8a5cc4f,b_7
e5e75585-a0a0-4c60-bb68-2b1319981c1a,b_2
330e0207-fee5-4bd7-b806-6cbeb0434d8d,b_30
edd2caec-70ea-46a4-8a7f-d7f7f9cde3b7,b_93
6174e019-ef71-458c-a3f8-391607a739aa,b_54
be71042b-2736-4c2b-b579-3805755eefdb,b_40
673e4d69-dd11-4038-b838-1995dd7fa31e,b_41
a53a3f4b-7609-4058-bacd-eb1facecf8fa,b_71
6bf819ea-9c5d-4330-a6d8-39cb83d0407a,b_42
2d4419c9-07e4-456b-8298-9908348bdf28,b_66
48c2eefa-3197-47dd-9c53-3ca3384a4625,b_100
ed4422c9-e9ea-4877-a200-2ec987a18784,b_28
02ded623-1004-487c-8fe7-bdfba6f6a488,b_72
d77ad635-a42e-465a-bd23-dbbbc6d71f92,b_86
05612585-836b-408a-ba3c-afe6019987f8,b_98
8618d127-35cd-466a-a409-e419af9080fc,b_63
88aea46b-2b3a-45e3-b698-3490a61151ed,b_81
3c56d51f-c0fd-499a-8bcd-23e8b17a4912,b_73
c0c8d196-7ad0-4630-8ed7-b0235672cc24,b_27
05612585-836b-408a-ba3c-afe6019987f8,b_13
55e339ad-87d5-4147-8805-abe09a1e78af,b_1
8d9f940d-25b9-4cd8-bfab-b4d9ac53aeff,b_36
0fa5d579-8d8f-4260-b3e2-b92efc0284ac,b_21
d59a1799-c07e-48b7-9002-8568744ed590,b_97
d43ad692-1a8f-445e-b168-c20eab34d012,b_60
f455a59e-8dfc-42c8-8be6-c38cc858a8a6,b_68
00b95239-4ab5-4f99-9d08-2068480c9bc1,b_26
4861e93d-f761-4510-8284-127959352609,b_6
a54f59d1-0e7a-4083-8468-7946b659f372,b_96
1e1ac23b-8e2a-41ca-a473-c8be82b9fbf1,b_38
15d8dbae-6ba1-4f89-b799-4a33dc992e69,b_87
228d6d9a-6a61-431a-8bf4-1fb59bf36a75,b_16
17be704e-2903-44e2-a7f0-baf708a299f2,b_52
e14a959b-0bed-4ebd-a09b-fbbd2086a087,b_47
3acca33d-273b-4025-ad12-bd696e325e3d,b_9
bba91bda-47f7-4949-a468-bd0964794a01,b_25
aa14b18d-264e-4992-8b64-ee71e54700a8,b_23
592dd058-fa1b-445a-b0ca-e31d965be219,b_90
a9971a44-6d41-416d-b6f3-66fa89bf73de,b_78
99cf2383-3345-4214-977d-d08a0b98b935,b_51
0d2d3503-ad95-47af-8462-e3e4bde78644,b_0
085f7c22-0d2f-48bd-a8a2-02300b3fd935,b_20
8f7d9933-d35a-4c04-bcc8-0e62f1b1a111,b_64
a8648f7a-dc9b-473c-bf9a-8d8ac017235d,b_12
a6858e0f-04ea-42bd-ad19-d2cca0bb624c,b_62
efa52e4d-bac1-4f15-8294-6a94fce42000,b_61
5f6920be-febd-4257-b1be-2b23cb316a57,b_15
ce5d3867-1e20-4dc3-8a5d-0f236f66575c,b_59
33120216-732b-4129-ae68-1533b37b5f49,b_95
e8472cb6-a54b-41eb-9289-d5b95f0fdbfd,b_77
9420d5b5-fe47-4b69-bb16-3236bddbae69,b_67
7942b21f-c81d-430d-a01b-4fc9bd87804e,b_94
f5ed5dcb-2c25-4315-9ab2-6cb7a6cc9232,b_50
f269f683-98a3-42f6-bcb2-34f18602783e,b_33
05612585-836b-408a-ba3c-afe6019987f8,b_3
e0ba248b-5ca2-4fca-8d4a-2f836bbbb5d6,b_35
9af2062c-bda3-4b44-8e20-783e76565d5c,b_89
3b06ed6d-98e3-45ae-9255-702047e16d6b,b_29
8c89c9aa-f0a1-49f9-b66e-b20496035c31,b_31
e469d076-5b54-4482-900a-c4c5f40c9e13,b_69
2b305509-5e06-46e8-a010-055023ff90f1,b_83
8ef66d41-0f55-4d75-ba37-eef3e1588183,b_92
beb85fbf-6612-408d-b917-8c3781cfd11b,b_22
2a785a9d-510d-4cd7-95d6-84cea0cbc1c6,b_34
073d0523-0784-45ca-ad1e-4433b4306742,b_74
85ad472b-6715-4dad-8ed2-4d3f1494d745,b_58
2e5f09e8-94b5-4873-abfb-e330afa357ad,b_4
70559873-7324-4d6a-bea9-7a6c2caa11fe,b_11
4d40c54f-c726-421d-8762-9044b43e7671,b_80
804acb57-79f9-4b93-a4bc-0249a17b230a,b_44
b80f7c81-3765-414f-a11a-7556b198e6c1,b_82
4f893286-98e6-4494-9e89-782db93b3b69,b_70
c0023833-13ff-49b4-aea5-2b0574fcca5c,b_88
3251d60d-72b5-4c10-8cf2-499c608cfab5,b_5
29302bc4-fec3-42f8-80f6-49e4d16c34f1,b_14
d7fd8804-4281-4450-b0bd-93fafd859c34,b_65
679fdb5e-c4e1-4827-8b19-8a5927f5ebad,b_75
b0046658-5e95-4560-95a6-146e83e6768b,b_79
2d720239-1a21-4375-85be-c33d2fcb2add,b_37
99c9e682-f6bf-4a51-8701-3cebacae5eb1,b_76
762e1941-ae25-4273-b3b9-459ce7c9a265,b_45
eeaef989-5369-460a-a546-fc56e81aebcb,b_46
5aa979ba-f0f6-4aad-9abf-61f329afea06,b_10
994b9873-5e36-4a77-a344-0a38b6f8ca87,b_85
