uuid,id_c
4f893286-98e6-4494-9e89-782db93b3b69,c_91
ef396d1e-b210-4776-be4b-02a5729220b9,c_67
a608e92a-3839-4666-bc99-d7a8cd8e9de4,c_52
befac4db-2a11-4708-b514-b38413b662ad,c_36
3251d60d-72b5-4c10-8cf2-499c608cfab5,c_37
d3029a71-000d-414c-acd4-a6f0a57b9c1c,c_64
adfd6c8a-e063-45ae-b50f-1b1a814d0da5,c_39
39733d77-39f7-47f8-91ff-2ae1a7ae87c2,c_62
4f59c6f9-19a3-4c8b-b266-7646c3eb8524,c_61
15d8dbae-6ba1-4f89-b799-4a33dc992e69,c_41
a7158879-a29d-4d99-abd2-6ce9c8a5cc4f,c_42
f3e2a1f8-6004-4807-80cc-9d41b5d16c17,c_97
f749f94d-a78e-4df3-9b7b-cfa5cde1769f,c_59
566c160b-5cc5-4ea5-9f60-e24e72ee189f,c_58
eeaef989-5369-460a-a546-fc56e81aebcb,c_1
391aafc4-9bc7-4d35-a70f-1e61a092ed63,c_14
398fdcd2-73d4-4fd0-95b7-48f092119375,c_57
05612585-836b-408a-ba3c-afe6019987f8,c_50
f5ed5dcb-2c25-4315-9ab2-6cb7a6cc9232,c_54
29302bc4-fec3-42f8-80f6-49e4d16c34f1,c_94
aa8df3e8-02d0-45d4-9aa0-7f5eb37ba824,c_88
e3786f75-bcf1-4217-9b77-3fac37fb107a,c_13
3c238a0b-bc05-4394-8cc3-30ac901f09ed,c_51
ed4422c9-e9ea-4877-a200-2ec987a18784,c_44
06b7259a-3af1-4a08-a759-eaeb563bcfef,c_3
0fa5d579-8d8f-4260-b3e2-b92efc0284ac,c_53
c0023833-13ff-49b4-aea5-2b0574fcca5c,c_70
4f893286-98e6-4494-9e89-782db93b3b69,c_17
8fb6c51c-e8c1-44bf-adee-5495aa9b823f,c_87
d1f238e7-7b92-483c-bb01-cd773254f3c7,c_82
3f28811f-2b58-46e8-9aff-6378101c4c81,c_10
4a965aae-830d-46a1-93e3-017ecd9b1d68,c_21
2c492dbb-500d-47f2-ab36-8df36b3b36a1,c_24
c0be9e20-a085-47c7-8971-c809711f2a2b,c_29
74c5aa87-50d9-44b8-b9f8-190de231d660,c_25
daa156b4-bdc6-404f-a776-e484444b1844,c_79
92b64dcc-a724-4746-956d-27188e06a5f7,c_26
aa14b18d-264e-4992-8b64-ee71e54700a8,c_77
592dd058-fa1b-445a-b0ca-e31d965be219,c_99
0ca20383-a069-49ae-95c0-12ccc414d4ee,c_71
ed4422c9-e9ea-4877-a200-2ec987a18784,c_98
ba040708-07b8-4a6b-a6ee-2c20ad4e1d3d,c_28
214c3ae4-7bcc-4f54-b41b-b4c1965bccf7,c_16
8d9f940d-25b9-4cd8-bfab-b4d9ac53aeff,c_90
bfe51356-f688-43f4-a166-7ca9a8b7b4c4,c_72
4600d113-ef87-4f8b-80f7-72447e3b4e33,c_85
a6858e0f-04ea-42bd-ad19-d2cca0bb624c,c_56
637f29f5-7e0e-4840-ac82-690171f611dd,c_66
98b1c618-3f23-4f72-9bdb-d27c934ae362,c_11
cc5f0936-1e9c-434e-8f43-c3a08183b936,c_63
1fca1c73-b538-4d0d-b9ee-e426caf0a771,c_80
f5ed5dcb-2c25-4315-9ab2-6cb7a6cc9232,c_12
8a76e1a2-0e78-4a62-8340-74c1e96c97e8,c_65
79d3abe1-8919-451a-9373-34158060c1a7,c_6
9ff0945a-cc68-4278-9e1a-17f946fca579,c_60
5d5c2ade-77ee-40a9-88f2-735aab163399,c_0
0218f919-91ca-41ee-b2d0-14dfa7c6c9c2,c_19
4f893286-98e6-4494-9e89-782db93b3b69,c_2
05d9a8d1-6936-4a2f-80bd-a7417b84e93f,c_20
b3870d06-7036-471a-bc3f-d69efbf9a9c3,c_27
e328f8f0-bd9b-40f4-a70f-6af0beabe718,c_31
33d9a3c2-7650-43b6-86da-1e7e38e21ae8,c_32
3800b2d9-3537-4096-9855-68c4b5388f96,c_4
bb033808-7cc5-46c1-a563-1bdf2043c1f9,c_30
d66aca78-2021-4050-a82b-08dc21eee98d,c_5
d24ba5b6-eed1-4a70-bdef-09126216c78c,c_45
c5532e80-80f9-49ee-8989-9df8a3804b02,c_95
ba66dd5d-12f6-4ea8-bd5c-3b7c4b396a18,c_83
679fdb5e-c4e1-4827-8b19-8a5927f5ebad,c_23
3b06ed6d-98e3-45ae-9255-702047e16d6b,c_78
67dc766c-c007-468b-9287-9cb741b08c37,c_75
fc440c29-4978-48c1-ba91-5dc4d3511f34,c_40
ebf682bf-5749-4132-8b53-dfa2fe74ab2d,c_43
930463a2-d198-4a64-a952-413fb11f2910,c_15
330e0207-fee5-4bd7-b806-6cbeb0434d8d,c_18
8b33c0ba-9115-4934-a9a1-4817716f06a6,c_89
4cd85798-f3f9-4598-a666-7d3581bc3cad,c_92
7cc2b02a-0d52-4dd1-96cb-1613541ad3b7,c_49
0cc9cbc4-5edc-45f9-bdf8-55e1980236e2,c_100
05612585-836b-408a-ba3c-afe6019987f8,c_33
e0ba248b-5ca2-4fca-8d4a-2f836bbbb5d6,c_55
94bd5596-afe3-44ec-ae96-51103fe33964,c_93
93e46743-ed4e-4d4c-9543-601e410d448c,c_74
0fdcd968-1ea6-49be-9e2d-80bcc0d0b1f9,c_86
ade6f244-8975-4395-a918-12445beb79e9,c_84
d43ad692-1a8f-445e-b168-c20eab34d012,c_47
ddcfd6b5-6e85-40be-9200-dc65406e4115,c_48
4192cf41-b582-4ea2-bc79-21259d55c8b4,c_7
00c5e83a-e57b-4d31-8bc2-eac8f898e314,c_76
67eba7cc-ba0a-47cb-a640-2529a6d1d86c,c_9
f5ed5dcb-2c25-4315-9ab2-6cb7a6cc9232,c_38
fb210f97-7cc7-4195-9c5c-59903bd2492f,c_69
4a9de421-bec7-4f13-b0b5-c467ec7739cc,c_96
a2d68289-844d-4565-bb35-39993c26b07a,c_8
74ec8bfa-7659-4b70-9fe1-8f7a3baf29ea,c_35
085f7c22-0d2f-48bd-a8a2-02300b3fd935,c_68
529c44b8-2590-40df-a4e7-2eeb386340b8,c_81
4d40c54f-c726-421d-8762-9044b43e7671,c_34
756e123b-470b-4218-8a6a-977f307a0c1a,c_46
0c3ae9dd-66b6-4329-98ee-55ade6da6066,c_73
05612585-836b-408a-ba3c-afe6019987f8,c_22
