uuid,id_a
d84c94a5-4da1-454b-9e2c-8f6cbc566c92,a_0
b20f05f2-9ec5-49a6-b715-d5e078eb6e20,a_27
7bf40a22-f11d-422e-b011-71b0d7a98550,a_19
3dba2c02-1589-4ac1-b930-18792c196bce,a_74
7d522b16-c2ae-4db2-b2ea-f102457325f9,a_41
bc29a287-04dd-4121-83e6-97bee8832aca,a_40
8f8b8d8c-23ef-4704-8700-9ee210b679b9,a_75
ac3c842b-e512-4f38-a7f3-576e1b549139,a_20
f07ef657-cb86-48b4-963b-89df528c71e1,a_76
cfb9fe89-b408-4298-8595-7bc303d93161,a_9
3251d60d-72b5-4c10-8cf2-499c608cfab5,a_39
fc289f84-7982-4761-9739-8b2e23b02bf0,a_77
4c9ee882-3fb8-4b2f-8459-a5870c716d99,a_78
faa84e57-9adf-43c3-ad7f-5bd133667ff9,a_99
beb85fbf-6612-408d-b917-8c3781cfd11b,a_21
9cc9c3e5-319c-4f02-98d1-11191c7c06a5,a_36
8dfcd581-4afe-4383-9391-6521cc9a3478,a_35
7876af50-899a-4193-8048-6b0d0326f3aa,a_8
66ffcf9a-ade0-4c28-b846-7a5001364f76,a_23
5c7b8a37-bdc6-41b6-8271-4a493e9697a6,a_32
ce9c1727-ff24-4058-81df-316d07633623,a_30
2b26313e-8c71-40dd-8ce7-5436c323c33f,a_82
2e5f09e8-94b5-4873-abfb-e330afa357ad,a_28
e602be9d-8863-496d-93ef-207e8e2fd987,a_86
db1bfb75-2e37-442f-b700-3fb71ff332f4,a_43
f274a7c3-86ca-4f93-9801-5a4ad7b67022,a_72
c0c8d196-7ad0-4630-8ed7-b0235672cc24,a_73
3e66dc6c-1e56-4835-9bea-c3462b3d08df,a_92
85dc3a9f-db99-49b8-bb47-ef7521121051,a_10
2f97156d-a13c-4513-a52a-870bc3379866,a_59
5492244f-b2c7-47a8-a84b-481de5fd0e17,a_61
a49ae228-0644-4347-ad8b-859780167c03,a_98
2a785a9d-510d-4cd7-95d6-84cea0cbc1c6,a_58
77551eb0-5f6f-4242-bf20-7f3aa23a973b,a_100
58f9d17c-0bf8-466c-a4cd-a9161ac7c8ad,a_1
00a21ec5-a607-4954-ba8b-87d695d63c57,a_53
7d3a11a4-ee6e-4151-a993-41624d2bf0fd,a_66
7ea0d747-e4ff-4493-b65a-b8510dc08e03,a_52
4926543e-6bc7-491e-9d6a-ca5aba20cfea,a_67
bd188c86-057d-4606-90d1-f0f7bb55cce7,a_85
854f5227-c247-434b-90dc-a441e87be116,a_96
eb44c64c-87e6-4a5b-ba14-ac666a661017,a_71
6389e3b9-4c13-4742-9fcb-0af535f0df3a,a_70
e8472cb6-a54b-41eb-9289-d5b95f0fdbfd,a_14
11d69b5b-6b31-4526-acb8-0384234428d5,a_16
b5962f9f-1c67-49b5-a2eb-a4054f911638,a_7
3b851d74-de20-4c6f-aedb-9cc955048e35,a_48
6edd6e29-1935-420b-87dd-f11dcedd851f,a_93
f269f683-98a3-42f6-bcb2-34f18602783e,a_2
71a47575-d607-4cd4-a627-06cb86694ead,a_22
bf9c721f-9859-4643-a197-1b9eb4f94ead,a_89
2aa3e413-9041-450d-ad55-33b21b0774e0,a_95
994b9873-5e36-4a77-a344-0a38b6f8ca87,a_91
336b47b7-9c30-45b6-a12c-4b8ffd179cda,a_11
48c2eefa-3197-47dd-9c53-3ca3384a4625,a_84
1c44d114-0137-4b31-897e-f60e90fe3a4f,a_62
345d51f9-a06d-4ba8-af21-fd9427a91ad0,a_56
0e453551-ac6d-46ca-b4bb-f30b1a0ec0ce,a_54
992c12cc-2c47-47ec-be93-0e2823d7d000,a_51
a042baf4-2eb1-4322-a7fe-b14969d43312,a_68
05612585-836b-408a-ba3c-afe6019987f8,a_69
a8ffa340-6975-420a-a4a4-f986cebbf567,a_49
073d0523-0784-45ca-ad1e-4433b4306742,a_45
7f6dce1a-b00f-40df-8ccc-f8d65cce9116,a_42
0ea43e65-16ba-4c94-aa05-8f9700111db9,a_34
0fe64ed7-1a83-44ce-931f-fd2c3ede1d46,a_33
09a50ae3-e49a-493c-9b50-86fd058353d0,a_60
d59a1799-c07e-48b7-9002-8568744ed590,a_17
08b836a7-e1be-4e89-a516-8304ed5ebed2,a_12
7f01505d-4215-4327-9723-7fe7224f78f4,a_38
3b06ed6d-98e3-45ae-9255-702047e16d6b,a_64
ff914246-34aa-44a4-93a3-adeea4329e1d,a_50
022f9302-db47-45cb-83d8-49ac9d62beb7,a_24
e5e75585-a0a0-4c60-bb68-2b1319981c1a,a_29
9c881f59-4ebf-4e5a-af51-328bf4990ed2,a_94
330e0207-fee5-4bd7-b806-6cbeb0434d8d,a_44
17be704e-2903-44e2-a7f0-baf708a299f2,a_97
f282d873-ae53-4d24-b1cb-f9773ad18e6f,a_4
1145fbac-7c64-4dde-8d26-d84997c4c7b6,a_31
d668e095-c6b4-42a2-9c5c-19d62b8912ee,a_80
8fa77c92-3fe1-4d2e-ab6a-0ec77d8c3a1f,a_47
657807d2-6b15-45f2-8353-b1111cdec76b,a_79
290f77ea-73e9-4fe5-b275-3e12161d7a30,a_37
e0d1b8d3-ef4d-40ea-81b4-c323129b5b40,a_81
aa14b18d-264e-4992-8b64-ee71e54700a8,a_88
187b1213-a864-413d-aaa6-2b53ffc4e955,a_87
f95c938f-3e36-4e51-a7c9-c82c088548aa,a_25
071858aa-1191-4d65-9dab-69c4f02607a0,a_63
cd506520-a445-44d4-b741-ae151e57207e,a_18
61615702-566f-46a9-8f2e-cc5abd5fff9c,a_26
84554bcb-ef1d-4ece-b1c6-4767994cf435,a_6
0fa5d579-8d8f-4260-b3e2-b92efc0284ac,a_5
3acca33d-273b-4025-ad12-bd696e325e3d,a_46
d0c92251-7d37-4230-8d95-9e8c1f46e3b6,a_3
a0796741-f78e-42f5-b071-5e9ea2234643,a_83
11620688-cd7a-461e-884f-ad84566b1080,a_57
462158f2-84dc-4113-bce2-4caa75b741cf,a_13
22b4802f-5849-4af8-b80f-14aefa4d7ecc,a_90
6fd03128-c5dc-4ad5-9bbf-4d761f7656a4,a_65
cb8b4c4b-76a5-4be6-a1bb-ae2fe7aae4e7,a_55
6bf819ea-9c5d-4330-a6d8-39cb83d0407a,a_15
